KNN,,FKNN,
1,0.8897656913924973,1777.1623978614807,0.8897656913924973,1784.6530153751373
